text,predicted_aspect,aspect_confidence,predicted_sentiment,sentiment_confidence,prob_negative_1,prob_negative_2,prob_neutral,prob_positive,prob_very_negative
aplikasi nya sudah sangat membantu untuk membeli barang tanpa harus keluar rumah tapi masih banyak kekurangan yang pertama barang yang muncul di konten video tidak sesuai dengan produk aslinya yang kedua terlalu banyak iklan shopee di aplikasi pihak lain ini sangat mengganggu kenyamanan orang iklan shopee selalu tidak muncul tanda silang untuk melewati iklan teresbut dan terkadang saya selalu masuk pada app shopee secara tiba tiba pada iklan,produk,0.6,negative_2,0.9876052141189575,0.010002325288951397,0.9876052141189575,0.0003357986861374229,0.00044657953549176455,0.0016101398505270481
notifikasinya dibenerin dong sering muncul pesanan dikirim waktu dipencet malah kebuka barang seakan notif iklan sedangkan notif pesanan asli malah gak ada notifikasinya udah dimatiin pengaturan notif hiburan media sosial dan promosi di aplikasi malah tetap muncul sedangkan notif pesanan keuangan dan chat yang aktif malah gak menerima notifnya,harga,0.25,negative_2,0.9905897378921509,0.00633652787655592,0.9905897378921509,0.00024661028874106705,0.0007543234969489276,0.002072783885523677
saya suka dengan gratis ongkir dan diskon tapi kenapa sekarang harus ada iklan video otomatis putar saat membuka aplikasi shopee ini sangat menyebalkan saya kasih bintang tidak masalah dengan iklan video saat buka aplikasi tapi harusnya ada fitur on off putar otomatis saat di tempat tertentu iseng buka aplikasi shopee tiba ada suara kenceng dr iklan video kan jadi tidak nyaman,harga,0.75,negative_2,0.9685556292533875,0.02795289270579815,0.9685556292533875,0.00025072466814890504,0.0006069866940379143,0.002633725991472602
udah pake dari lama tapi makin kesini entah kenapa tiap kali pembelian bundling selalu berkurang buah ilang ditengah jalan dengan penjual yg sama g ngerti lgi deh apa ada jatah maksimal pengiriman shg berkurang terus beneran ilang doang tiap kali pesan mana yg diambil selalu yg paling mahal lagi dari tiap pesanan sungguh ooh dan lgi penilaiannya error soalnya cm bisa nilai item aja dari pembelian bundling itu abis itu yg lain g bisa dong diketik,pengiriman,0.5,neutral,0.6569103002548218,0.0007133417529985309,0.09161841869354248,0.6569103002548218,0.24246850609779358,0.008289403282105923
suka banget aplikasinya banyak gratis ongkir nya juga sama produk nya berbagai macam pilihan tapi menurut ku pengiriman harus lebih baik sih kadang belanja kan yg dari luar pulau katanya butuh waktu sampai hari via laut tapi malah kadang hari via laut belum lagi via darat jadi lama bangeet,pengiriman,0.42857142857142855,negative_1,0.9987412095069885,0.9987412095069885,0.000761481118388474,0.0001473292795708403,0.00011059263488277793,0.00023946833971422166
aplikasinya lelet sekali dibagian menu dan profil tapi klw video promosi barang pas buka aplikasi langsung putar tanpa gangguan biaya pengiriman tetap aja mahal ke ntt yg buat malas belanja karena biaya pengiriman lebih mahal dari barang yang ingin dibeli,harga,0.5,positive,0.8209043145179749,0.0009448207565583289,0.08610041439533234,0.08776671439409256,0.8209043145179749,0.004283740650862455
jelek banget sekarang ui jelek kebanyakan game ga penting bikin berat kalau ada iklan shopee di aplikasi lain selalu ke direct ke shp padahal ga mencet iklannya dan loading nya lama banget yang paling bikin kecewa kenapa sekarang estimasi paket sampai bisa tiba tiba berubah estimasi awal tgl hari berikutnya malah mundur padahal status paket dikirim saya pesang barang urgent jadi sengaja pilih toko terdekat yang estimasi sampai sebelum hari yang saya butuhkah malah mundur kan,pengiriman,0.4444444444444444,positive,0.990182101726532,0.0007029153639450669,0.004286641720682383,0.0035295893903821707,0.990182101726532,0.0012987625086680055
untuk shoope food jelek saya tidak bisa membatalkan pesanan padahal tidak sampai mnit pas konfirmasi saya batalkan karena harga yang di konfirmasi beda dengan harga saat sudah di pesan aneh banget untuk saat ini saya kecewa karna saya harus pinjam uang dulu untuk lebihnya,harga,0.3333333333333333,positive,0.9614083766937256,0.0008284554351121187,0.020110927522182465,0.01606752723455429,0.9614083766937256,0.0015846460592001677
jadi sarang penipuan banyak barang yg tidak sesuai dgn yg ditampilkan dan juga masalah iklan iklan ada dimana mana diaplikasi lain banyak sekali walaupun tidak dipencet itu akan berpindah ke shopee sendiri saat diberanda juga tiba tiba masuk ke aplikasinya sangat mengganggu,produk,0.6666666666666666,negative_2,0.99062180519104,0.006824229843914509,0.99062180519104,0.0003108812670689076,0.0007605163264088333,0.0014825065154582262
cukup kecewa sama shopee ternyata pihak shopee lepas tangan jika customer ada kendala dan mengalami penipuan oleh seller tidak ada tindaklanjut hanya lipservice saja statment yg keluar harusnya bisa lakukan crosscheck ke pihak seller nya apakah benar hal tsb dan lakukan pembekuan akun karna hal tsb dapat merugikan customer lainnya pihak shopee malah memberikan solusi di kembalikan kepada kedua belah pihak mau seperti apa sementara seller tidak respond parahhhhh shopee kecewa banget saya,produk,1.0,positive,0.9917811751365662,0.00024344785197172314,0.003319536102935672,0.003488042624667287,0.9917811751365662,0.0011678761802613735
orang bertahan belanja di shopee hanya karena banyak diskonnya banyak voucher nya untuk sistemnya sangat amburadul estimasi pengiriman terlalu lama status pengiriman tidak sesuai dengan di lapangan kurir yg tidak menghubungi pembeli sebelum mengantarkan barang tolong kembalikan seperti dulu,pengiriman,0.5,positive,0.9901611804962158,0.000599574763327837,0.005421129986643791,0.0024831995833665133,0.9901611804962158,0.0013348690699785948
aplikasi belanja nomor di indonesia krn kemudahan transaksinya tdk perlu belanja ribu agar free ongkir didukung pembiayaan paylater yg bagus tdk mengenakan bunga jika dibayar bulan depannya beda sekali dgn gopay later setelah update besar kemarin ada perubahan di status transaksi dan masih ada bug nya transaksi yg sdh lama selesai selalu muncul notifikasi akan dikirim hari ini terus,sistem aplikasi,0.4444444444444444,negative_1,0.9936838150024414,0.9936838150024414,0.0025248248130083084,0.0014496824005618691,0.0005836425698362291,0.0017581327119842172
dari awal januari ini paket saya terutama yg cod selalu stuck distatus kurir akan ditugaskan tapi berakhir malah dikembalikan ke penjual ada yg sampai pun waktunya bener bener ga ngotak datang setelah hampir bulan setelah pemesanan dan sudah komplain ke cs tapi masih begitu terus dari awal belanja online baru sekarang dapet pengalaman yg buruk bgt kapok belanja di shopee kalo gini terus,pengiriman,1.0,positive,0.9938151836395264,0.00025876640575006604,0.002285161055624485,0.002521654823794961,0.9938151836395264,0.0011192571837455034
sumpah deh apknya bagus buat belanja dan sebagainya tapi tolong deh kenapa akun saya keluar masuk terus terus apknya juga kadang sering error udh masuk di keluarin lagi login lagi keluar lagi maksud nya ap,sistem aplikasi,0.6666666666666666,negative_1,0.9794490337371826,0.9794490337371826,0.015484162606298923,0.0025188105646520853,0.001363820512779057,0.0011840825900435448
selalu belanja online dsini gercep cuma belakangan ada kendala di pengiriman kurir yg selalu menunda pengiriman saya tidak tau alasannya apa setiap saya lacak selalu ada keterangan pengiriman ditunda padahal saya sangat membutuhkan paket tsb,pengiriman,1.0,negative_1,0.9949546456336975,0.9949546456336975,0.004120799247175455,0.00021585154172498733,7.388742960756645e-05,0.0006347700254991651
sebenarnya melalui apk jual beli online seperti ini dapat sedikit membantu tapi untuk opsi harga produk banyak yang tidak sesuai dengan deskripsi agak kecewa si ketika sebelum chekout harga rendah sedangkan setelah chekout harga jadi berubah cenderung naik yang kurang paham dengan strategi marketing memang terlihat murah kalau belanja lewat online tapi untuk para suhu itu semua adalah permainan pasar masa kini,harga,0.5,negative_2,0.6144914627075195,0.15479989349842072,0.6144914627075195,0.13183239102363586,0.07382749021053314,0.025048736482858658
tinggal pencet pencet langsung di antar namun saya kasih bintang karena beberapa alasan terkadang produk yang di jual tidak sesuai dengan keterangan dan banyak beredar penipuan yang paling bikin saya kesal itu masalah kurirnya sudah bagus sekali shopee bisa cod kan cek dulu baru bayar tapi beberapa kurir gamau mau minta return malah kena maki sama kurir nya minta baik baik soal barang rusak kan namun malah begitu kalau penilaian kurir jelek langsung pecat aja pliss shopee,produk,0.6666666666666666,negative_2,0.5010660290718079,0.11006386578083038,0.5010660290718079,0.04767944663763046,0.3264298737049103,0.014760807156562805
aplikasi bagus memudahkan kita yang malas belanja sendiri jadi terbantu dengan adanya shoppe tapi saya mau ngasih saran kalau bisa sih temanya tambahkan warna hitam ga warna putih aja karena terlalu cerah kalau gelap gelapan buka aplikasi shopee bisa menambah minus mata saya,produk,0.5,negative_1,0.9986128807067871,0.9986128807067871,0.0007646848098374903,9.695783955976367e-05,9.062190656550229e-05,0.00043484539492055774
langganan shopee vip supaya dpt prioritas dulu emang cepet pengiriman paketnya bahkan sebelum tgl estimasi uda sampe sekarang sangat buruk bahkan bisa berhenti lama di satu titik selama berhari hari komplain pun percuma gak di dengar dan ekspedisi tetep gak berubah pilihan ekspedisi yang tersedia kebanyakan cuman spx lainnya gak ada,pengiriman,1.0,positive,0.9914016127586365,0.0004076689074281603,0.0033121337182819843,0.002819112502038479,0.9914016127586365,0.0020595004316419363
nih ya dari segala hal tentang pembelian online shopee itu salah satu yang paling bagus tapi kalo aku lagi main game atau apa yang ada iklan shopee nya itu selalu jadi hal yang nggak banget lagi enk main tiba muncul iklan shopee yang bikin bad mood karena setiap ada ikan dari kamu walaupun udah dipencet silangnya malah langsng meluncur ke aplikasi nya terus keluar dari shopeenya tu lama dan buat game yang kita mainin ke ulang dari awal padhl susah banget pernah ada di masa pengen hapus you,produk,0.3333333333333333,positive,0.5720864534378052,0.16458947956562042,0.22501464188098907,0.011127831414341927,0.5720864534378052,0.02718159556388855
belakangan aplikasi sering terbuka sendiri saat saya membuka aplikasi lain bahkan bisa berkali kali masuk ke beranda tanpa saya pencet apa pun cukup mengganggu dan membuat penggunaan hp jadi tidak nyaman semoga masalah redirect atau aplikasi terbuka otomatis ini bisa segera diperbaiki,sistem aplikasi,1.0,negative_2,0.9639139771461487,0.029964884743094444,0.9639139771461487,0.0005841542733833194,0.003161301137879491,0.0023755624424666166
sangat membantu semenjak ada shopee tidak perlu bingung mencari barang yang kita inginkan dari mulai yang kecil sampai yang besar semua barang tersedia terimakasih telah menghhadirkan aplikasi belanja yang sangat bermanfaat untuk orang banyak satu lagi mungkin agak diperketat lagi supaya tidak ada oknum pedagang yang curang seenaknya saja mengirimkan barang cacat tidak sesuai foto yang di pajang,produk,0.6,negative_1,0.9981532692909241,0.9981532692909241,0.00024121387104969472,0.00039979812572710216,9.934096306096762e-05,0.0011063847923651338
aplikasi shopee sangat membantu untuk belanja online fiturnya lengkap tampilannya mudah dipahami dan sering ada promo menarik serta gratis ongkir proses checkout cepat pembayaran juga banyak pilihan jadi lebih praktis pengiriman sejauh ini aman dan sesuai estimasi customer service cukup responsif dan pengalaman belanja jadi nyaman semoga ke depannya aplikasinya makin ringan dan promo semakin banyak,harga,0.3,negative_1,0.9988341927528381,0.9988341927528381,0.0002695880248211324,0.0003564685757737607,9.954078268492594e-05,0.0004401780606713146
sebenarnya apk nya bagus tapi bisa ga game lev cocoki dan cekiceki tingkat kesulitan nya diturunkan sebulan ini saya main itu tapi belum pernah karena susah dan untuk cekiceki waktunya tolong ditambahkan masa barang sebanyak itu harus dimasukin ke slot yang sedikit terimakasih,produk,1.0,negative_2,0.784127950668335,0.21070972084999084,0.784127950668335,0.0004264072922524065,0.001970212906599045,0.002765720011666417
lelet bnget makin lama makin banyak bug mohon buat versi standarnya dan dipisah untuk live sendiri untuk jualan sendiri untuk shopeepay sendiri jangan dijadikan satu biar gak berat ni aplikasinha bukan masalah versi update bahkan ini saya aupdate otomatis tiap waktu terlalu banyak affiliator gak jelas bikin aplikasi makin parah,sistem aplikasi,0.6666666666666666,positive,0.9922134280204773,0.0002463999844621867,0.0034110783599317074,0.003151079872623086,0.9922134280204773,0.0009779103565961123
oke setelah masalah spx keluar lagi yang baru untuk pengembalian barang menurutku jelek banget kenapa dari aplikasi ga dituliskan agen yang available mana aja dari kurir juga ga tau harus kirim ke agen mana lalu pengembalian ini ga masuk ke pengembalian tapi masih di dikirim dan kita sebagai customer ga bisa lihat paket udah sampai mana pas kembali ke seller menurutku perlu diperbaiki sih ini tolong ya shopee perbaiki agar lebih baik lagi,pengiriman,0.5,positive,0.701526403427124,0.13048875331878662,0.14846403896808624,0.007658329326659441,0.701526403427124,0.011862454935908318
pihak shopee sanat lemot menangani masalah pesan barang ke pelapak disini sudah ada resi untuk pick up barang tapi barang tidak di serahkan ke jasa kurir dan chat penjual tidak di respon pengajuan pembatalan harus nunggu waktu lama sampai penjual merespon padahal penjual tidak merespon chat sangat kecewa shopee tidak bisa bantu mau cari barang di toko lain jadi terkendala harus menunggu di setujui pembatalannya belum lagi masalah lain,pengiriman,0.5714285714285714,positive,0.9919784069061279,0.0002856868668459356,0.0033551331143826246,0.002351852599531412,0.9919784069061279,0.002028886927291751
sedikit masukan buat tim shopee semenjak ada video pembeli jadi resah banyak penjual yang menampilkan video barang yang tidak sesuai dengan etalsenya menampilkan versi barang ori tipe paling bagus paling mahal setelah di klik di beli ternyata barang kw tipe rendah paling murah tidak ada filter ulasan terbaru susah untuk melihat stok barang terbaru yang di kirim penjual ulasan terbaru yang di tulis pembeli,produk,0.5,negative_1,0.997771143913269,0.997771143913269,0.0007563017425127327,0.000575956713873893,0.00018951059610117227,0.0007071933941915631
dulu belanja di shopee sangat membantu sekarang setelah dikenakan diluar ongkir dikenakan biaya lagi kemasan khusus jadi mikir x mau belanja di shopee kalau bisa dibalikin seperti semula tanpa dikenakan biaya lagi selain ongkir,harga,1.0,negative_1,0.8862056136131287,0.8862056136131287,0.11054337024688721,0.0005845744744874537,0.0002707457751967013,0.0023956603836268187
aplikasi yang gak cocok di buat berjualan menurut saya pengiriman pun gajelas suka lemot saya sebagai penjual dan saya mengirimkan paket dengan harga jt dan paket nya hilang setelah di buatkan laporan hanya di kembalikan sungguh merugikan sekali kalo seperti ini dan membuat laporan lagi di suruh buat asuransi apalah ribet banget,pengiriman,0.4,positive,0.9927414655685425,0.0004386254004202783,0.0019175955094397068,0.0015053992392495275,0.9927414655685425,0.0033969387877732515
makin ke versi gold mau belanja jadi agak kurang ga dinlasih untuk pembayaran cod dan gratis ongkir sekali ad gratis ongkir tapi untuk penanganan produk nya biaya nya hampir sama dgn harga barang sama aja ga ad gratis ongkir nya,harga,0.5714285714285714,negative_1,0.9956421852111816,0.9956421852111816,0.0032715005800127983,0.00017119813128374517,7.065898535074666e-05,0.0008446098072454333
udah dicopot pemasangan install ulang mau log in keluar terus karena make akun lama di aplikasi lama juga out terus gmn ini mana ada transaksi yang harus sy bayar kenapa sekarang kalo barang tiba mau ceklist pesanan diterima nunggu tgl estimasi dulu kacau nih parah makin kesini harusnya pesanan selesai udah langsung bisa diklik ini engga bisa,sistem aplikasi,0.6,positive,0.9893565773963928,0.0003816146345343441,0.004250873811542988,0.004402495920658112,0.9893565773963928,0.0016084176022559404
makin kesini makin aneh aplikasinya udh co di batalin sistem dengan alasan pernah login beberapa device dalam akun sudah di perbaiki sudah di device akun tapi masih tetap fasilitas voucher voucher tidak bisa digunakan karena record udah sampe join shopee vip tapi masih aja tetep di batalin sistem coan ku cape bgt pengaduan terus udh sebulan ini kayak gitu terus kasih bintang aja dulu nanti kalo sistem shopee udh sembuh dan gak aneh lagi aku akan update jadi bintang lagi,sistem aplikasi,0.6666666666666666,negative_2,0.9901570081710815,0.005580856930464506,0.9901570081710815,0.0002846509451046586,0.0014295416185632348,0.002547953510656953
saat scroll ke bawah selalu bug kembali ka atas bikin emosi kalau mau cekout barang yang mau di masukkan keranjang kena bugnya berubah ubah terkadang saat buka shopee hp merestart sendiri trus buka gak ada gambar hanya muncul suara saja,produk,0.5,negative_2,0.9600301384925842,0.03753645718097687,0.9600301384925842,0.0003081082832068205,0.0006749542080797255,0.0014504006830975413
kami puas dengan shopee ini cuma sj kita harus betul betul teliti membaca deskripsi produknya walaupun kadang masih ada masalah kecil tp kami masih bisa toleransi selama tidak terlalu berlebihan dan pesan buat penghuni lapak yg ada didalamnya supaya benar benar teliti atau cek ulang pesanan konsumen sebelum di kirim biar semuanya merasa nyaman dan puas dengan pelayanannya terimakasih untuk semua,pengiriman,0.6666666666666666,neutral,0.9936361312866211,0.0011447598226368427,0.0007896149763837457,0.9936361312866211,0.0009599501499906182,0.003469564486294985
sebenarnya ini aplikasi belanja terbaik namun syg nya apk shopee justru sering nge bwt hp jd nge freze itu ckp terganggu jika mw berbelanja pdhl buka apk lain aman aja klw bisa di upgrade utk hp kls bawah tnpa lag aq rasa itu bgs dan lagi kalau mau lbh bgs lagi hrs nya klw punya koin dan mau di belanjakan koin kita bisa di crop koin nya jd bisa di gunakan utk paket yg lain nya jd gk hrs nabung koin dr nol lagi,pengiriman,0.5,negative_2,0.9572159647941589,0.03823374956846237,0.9572159647941589,0.00027837223024107516,0.001005680998787284,0.0032662374433130026
saya pengguna setia shopee namun sayang sekali iklan shopee ada dimana mana sangat bertebaran dan jujur saja saya merasa sangat muak ayolah jika iklan kalian biasa saja tidak apa tetapi saat sangat sedikit saja ke geser shopeenya langsung ke bukan otomatis menyebalkan,tidak terdeteksi,0.0,negative_2,0.9896977543830872,0.0072803376242518425,0.9896977543830872,0.00029852980514988303,0.0005398177891038358,0.0021835430525243282
blm lamapake ternyata samph algoritmanya amburadul sarang toko nakal dgn deskripsi yang wah namun tidak sesuai dgn produk yg diterima namun tetap dibiarkan atau mungkin sengaja dipelihara penuh game jebakan siram tanam selalu dikasih lawan tak seimbang berujung diarahkan utk membeli produk dgn iming tetesan air neraka verifikasi yg mewajibkan scan privasi wajah pd barang live tertentu padahal akun bocah bisa saja beli pisau utk kejahatan namun dibiarkan byk kebijakan aneh dimata saya,produk,0.8,positive,0.9910377264022827,0.00021662276412826031,0.0014955447986721992,0.0028665645513683558,0.9910377264022827,0.004383516497910023
tolong pihak cs shope yang bagian mengelola pengajuan pengembalian di perbaiki saya mengajukan pengembalian kok sudah hari kok statusnya masih dalam pengecekan tim shope saja ini sangat buruk sekali kalau begini memang sekarang shope lebih buruk dari sebelumnya,tidak terdeteksi,0.0,positive,0.9944831728935242,0.0003530929097905755,0.001591675216332078,0.001608656020835042,0.9944831728935242,0.0019633162301033735
saya sudah sangat sering belanja di sini cuma masukan buat pengembang aplikasi shopee tidak bisa terus berlindung di balik status hanya platform jika produk palsu masih bebas beredar dan merugikan konsumen maupun penjual asli marketplace sebesar shopee seharusnya memiliki pengawasan dan penindakan yang lebih tegas karena penjual barang palsu dapat dengan mudah kembali membuka toko baru jika dibiarkan kepercayaan pengguna akan menurun,produk,0.8,negative_1,0.9980033040046692,0.9980033040046692,0.000807443808298558,0.0002171398955397308,7.808914233464748e-05,0.0008940784609876573
sebenarnya bagus sih tapi iklan nya itu loh di aplikasi lain nggk usah banyak atuh hampir di setiap aplikasi ada iklan shopee kan bete ya walaupun nggk di pencet tetap aja masuk ke aplikasi shopee kita kalau gabut atau memang ada keperluan pasti atuh pesan di shopee yang penting mah ada uang pasti pesan,produk,0.5,negative_2,0.9728097915649414,0.02441907487809658,0.9728097915649414,0.0002494702348485589,0.00037873699329793453,0.002142957877367735
data sistem pencarian barang kebutuhan sangat praktis lengkap lanjut dengan proses pesanan dgn pembayaran fleksibel byk paket promo discount sampai info proses pengirimannya pun sangat mendetail jadi kita bisa pantau dgn data yg kongkrit terima kasih shopee terus berinovasi sukses selalu,pengiriman,0.5,negative_1,0.9986295700073242,0.9986295700073242,0.0002896839869208634,0.00024975347332656384,7.723391900071874e-05,0.0007538119098171592
sampah banget spx express kalau memang tidak bisa mengantar lebih baik tidak usah jadi ekspedisi pengantaran pesanan saya dibatalkan terus menerus saya sudah meminta pada cs dan mengisi formulir agar pesanan saya didahulukan namun tidak ada bukti nyata bahwa pesanan saya didahulukan pesanan saya dibatalkan terus kami pesan barang utu untuk dipakai bukan untuk senang senang saja bisa mikir ga kalau barang terlambat datang ya tidak bisa dipakai dong,pengiriman,0.75,negative_2,0.9886695742607117,0.0030001739505678415,0.9886695742607117,0.0003150206175632775,0.001566433347761631,0.006448791828006506
bintang berbicara saran kalau bisa sistem pengiriman jangan di ajak muter dong langsung aja dari kota penjual ke kota pembeli buat meminimalisir resiko kerusakan barang akhir ini sistem pengiriman sering muter nggak jelas belum lagi tanggal estimasi yang tidak pasti berubah rubah makin lama sampainya intinya shopee sudah tidak secepat dulu dalam pengiriman maaf bintang saya kurangi satu kalau makin parah maaf saya bakalan kurangi lagi saya pengguna aplikasi ini sudah lama,pengiriman,0.625,neutral,0.4475381672382355,0.005690373480319977,0.18295755982398987,0.4475381672382355,0.35402485728263855,0.00978897139430046
jujur shopee ini mempermudah cari barang yg kita butuhkan yg gak kita temui disekitar tapi layanan pengirimannya sangat mengecewakan estimasi tiba sudah dekat namun belum ada pergerakan dari gudang transit selanjutnya sudah coba hubungi cs pun tidak membantu tidak ada pergerakan yg signifikan terkadang sudah sangat jauh dari estimasi tiba voucher garansi telat yg rb juga gak berlaku buat saya karna harus belanja mininum rp diakun saya tolong ditingkatkan layanan pengirimannya,harga,0.3333333333333333,negative_2,0.9874100089073181,0.010648757219314575,0.9874100089073181,0.00025484428624622524,0.0004145499551668763,0.0012718302896246314
tidak pernah sekecewa ini dengan aplikasi sudah berlangganan dengan aplikasi cukup lama dan terkadang menggunakan pembayaran paylatter tetapi bulan lalu mengalami keterlambatan pembayaran paylatter selama minggu dan sudah dikenakan bunga keterlambatan tetapi masih meneror orang terdekat seolah paylatter saya tidak akan dibayar sedangkan selama ini selalu tepat waktu dan lebih cepat bayar saya sangat kecewa dengan pelayanan ini semua tagihan paylatter sudah saya lunaskan,pengiriman,0.6,positive,0.994059681892395,0.00030975244590081275,0.0020850852597504854,0.0020050406455993652,0.994059681892395,0.0015404843725264072
barangnya unik tapi kok barang ada yang rusak mohon kemasannya dirapikan lagi kak barang mahal tidak pakai bubblewarp sayang ntar pa lagi gak bisa cod harus bayar dulu hisk tapi untuk pengiriman saya suka konsisten untuk jasa kurirnya banyak bonusnya member dapat diskon makanan non member dapat hadiah dan barang menarik terkadang non member dapat video unik untuk jadi member akhirnya aku bisa jadi member karena dapat sesuatu yang unik makasih shopee,harga,0.2857142857142857,neutral,0.9548333287239075,0.03153754025697708,0.00367457396350801,0.9548333287239075,0.0021513253450393677,0.007803303189575672
pengiriman ke pembeli hari biarpun pengemasan lama karena mungkin tukang tipu nya harus rakit dulu hp nya pas proses return sumpah lebih dari minggu di tambah lagi hari buat validasi penjual btuh waktu hari penjual untuk mengecek barang ini marketplace no tapi isi nya toko toko tukang tipu semua shopee gk mau rugi dengan biaya penanganan makanya nunggu pembeli pasrah shopee takut rugi saya yang lebih rugi rb dapet hp bangke gk bisa di pake baca gblok,produk,0.4,positive,0.9896253943443298,0.00032892730087041855,0.002928546629846096,0.0023468267172574997,0.9896253943443298,0.004770364612340927
sebenernya beberapa paket bagus aj pas nyampek tapi beberapa pesanan tdk sesuai dgn yg dibeli kadang tidak sampai pengantar membalikan paket ke penjual tanpa konfirmasi pembeli buruknya pas bayar barang diliat estimasi waktu tibanya cmn pas dah co barang dikirim ehh estimasi waktu tiba barang tdk sesuai malah makin lama tujuan beli barang buat pindahan rumah ini malah barangnya tiba pas aku dah pindah berdasar estimasi kan lucu walau murah tetep rugi,pengiriman,0.5,positive,0.7263708114624023,0.07225677371025085,0.1704949587583542,0.018517648801207542,0.7263708114624023,0.012359755113720894
iklan shopee nih ngeganggu banget asli lngsung masuk ke aplikasinya lg asik nonton ada iklan shopee tinggal nunggu tanda x nya malah langsung masuk ke aplikasinya udh gitu pdhal lg ada iklan lain iklan game misalnya tiba banget langsung masuk ke aplikasi shopeenya kan gak jelass ngecheat apa gimana dah biar pengunjungnya banyak gitu,sistem aplikasi,1.0,negative_2,0.9742494225502014,0.013414799235761166,0.9742494225502014,0.000523770519066602,0.0010458326432853937,0.010766190476715565
kenapa susah banget sih kalau lagi chat sama kurir selalu loading muter ujung nya pesan tidak terkirim padahal koneksi kenceng chat sama penjual juga aman aja giliran chat sama kurir loading terus berujung pesan tidak terkirim dan ini sudah berlangsung lama bukan baru ini padahal apk sudah di update sudah di clear chace,pengiriman,0.75,positive,0.9885571002960205,0.0003250342851970345,0.004257435444742441,0.004102197475731373,0.9885571002960205,0.002758156508207321
kalo di pake nge lag lemot kalo habis keluar sebentar buka aplikasi lain terus buka shopee lagi lemot nge lag sering belanja di shopee tapi kenapa ada kendala sistem udah di bayar di m banking dah kepotong tapi status belum berubah jadi pembayaran selesai mana pengembalian dana nya lama pula kenapa harus jam kenapa ga langsung ketika di sistem kebaca gagal tapi di m banking dah kepotong,sistem aplikasi,0.75,positive,0.4800896942615509,0.001982782268896699,0.14487197995185852,0.3686945140361786,0.4800896942615509,0.004360975231975317
untuk shopeenya udah bagus menurutku tapi untuk pengiriman spx amat sangat mengecewakan jauh dari kata professional order barang udah beberapa kali notif pembeli tidak dapat dihubungi tidak ada ditempat padahal wa aja nggak saya dirumah terus nunggu tuh paket harusnya diseleksi lagi kurir yg males nganter seperti ini dulu pengantaran pake selain spx selalu sampai tepat waktu malah sebelum estimasi udah sampe setelah pake spx ini bisa telat beberapa hari amat sangat mengecewakan,pengiriman,0.7142857142857143,negative_2,0.9911509156227112,0.006564782001078129,0.9911509156227112,0.00020038720685988665,0.0006900333100929856,0.001393851707689464
menurut sy untuk aplikasi udh bgus dan tergolong sering bnyk diskon namun pengiriman lama entah di kurir atau ap trus kurir nya tdk konfirmasi ke customer kalo alamat yg tertera menurut mereka kurang jelas padahal udah di sertakan no wa,pengiriman,0.6,neutral,0.4681471884250641,0.005897176451981068,0.4355781674385071,0.4681471884250641,0.0852980837225914,0.005079412367194891
untuk aplikasi belanjanya sangat bagus ongkir bisa gratis meskipun tidak harus k apalagi banyak diskon tapi usahakan untuk perbaiki sistem pengiriman dan ada juga beberapa penipuan barang dengan model yang digambar tidak sesuai apalagi soal pengiriman contohnya katanya paketnya dateng tanggal ehh datengnya tanggal kecil tapi bisa fatal apalagi soal keterlambatan pengiriman katanya dikirim tanggal datengnya tanggal dan masih banyak keluh kesah lainnya tapi untuk aplikasinya baik,pengiriman,0.4,negative_1,0.9935413599014282,0.9935413599014282,0.005495407618582249,0.00013446906814351678,0.00014119681145530194,0.0006876223487779498
cs nya tidak ada yang bekerja dengan benar saya memiliki masalah dengan pengiriman dan sudah menghubungi total cs dalam hari dan hasil akhirnya pun nihil paket tetap stuck dan hanya menunggu waktu sampai tanggal otomatis pembatalan,pengiriman,1.0,negative_2,0.9915013313293457,0.005983419716358185,0.9915013313293457,0.0002715994487516582,0.00038298629806376994,0.0018606071826070547
semenjak ada live dan video jadi banyak penipuan terutama di toko pakaian saat live dan video bagus pas di co yg dateng kaya kresek gak bisa di pake dan gak sesuai harga kendalanya adalah gak ada fitur untuk melihat ulasan terbaru apakah ulasan terbaru disembunyikan toko sampe gak bisa di lihat semoga ada perbaikan kedepannya saran aja ni ya supaya di bagian ulasan itu di urutkan sesuai tanggal terbaru dari pembalian terimakasih,produk,0.75,negative_1,0.9806811213493347,0.9806811213493347,0.01675179786980152,0.00040967570384964347,0.00038871393189765513,0.0017686255741864443
aplikasinya bagus buat pesan beli barang pun oke masalahnya kenapa saya ngasih bintang karena saya jengkel sama iklan dari shophee terlalu maksa lagi buka browser lagi nonton yt dsb tiba tiba ada iklan shopee tiap ada nih iklan pasti maksa kelempar masuk ke aplikasinya maksa banget jadi bikin tambah jengkel sebelum saya instal shopee iklannya maksa kok sesudah saya instal malah nambah maksa dan menjengkelkan jangan karena iklan yang berlebihan saya jadi gak respect dan uninstal,produk,0.6666666666666666,negative_2,0.9716019034385681,0.025273410603404045,0.9716019034385681,0.0002207675133831799,0.0006034981925040483,0.002300520660355687
sebenarnya aplikasinya bagus cuma ada beberapa kendala terutama yang paling meresahkan adalah tanggal tiba estimasi tidak tentu diaplikasi dikatakan estimasinya tiba tanggal ternyata kurirnya datang tanggal walaupun terkesan kecil tapi disana letak fatalnya karena terkadang kita tidak membawa uang apalagi kurir juga mengantar paketnya banyak tidak hanya atau paket mohon untuk develop ditingkatkan lagi supaya keamanan dan kenyamanan lebih terjaga,pengiriman,0.6,negative_2,0.792192280292511,0.20369292795658112,0.792192280292511,0.00042571063386276364,0.0010018703760579228,0.002687210915610194
secara keseluruhan shopee sudah bagus tapi ada beberapa pertanyaan kenapa kurir bisa menunda pengiriman dan mengatakan bahwa hal itu pembeli yang menjadwalkan minta ulang padahal pembeli tidak menjadwalkan ulang terimakasih,pengiriman,0.6666666666666666,negative_1,0.9953771829605103,0.9953771829605103,0.0040054633282125,0.00010149549052584916,7.954970351420343e-05,0.00043642387026920915
saya merasa dirugikan sekali ya dengan sistem shopee food deals ini buat salah paham harga yang ditampilkan akan dianggap sebagai harga bersih tau nya itu bukan membeli produk tapi malah membeli voucher dan harus mengeluarkan biaya lagi seharusnya sdh tidak ada biaya ongkir dan biaya layanan dong jika sistemnya harus membeli voucher seperti itu kacau sekali,harga,0.8,negative_2,0.9929133057594299,0.0036926683969795704,0.9929133057594299,0.0002471378247719258,0.0006386385066434741,0.0025082582142204046
shopee sebagai pusat online shop tidak tegas aplikasi memang aman tapi pengiriman di gudang sortir dan lain lain nya kacau estimasi tiba tanggal diundur ke lalu tetap stuck dan estimasi mundur lagi tanggal sampai sekarang tanggal masih juga stuck di gudang sortir agak sering juga kayaknya telat karena teledor terhadap paket harusnya jika sudah melampaui batas langsung aja nyatakan paket hilang atau bagaimana kek pertanggung jawabannya ini status sama aja,pengiriman,0.75,negative_2,0.9360678791999817,0.06085258349776268,0.9360678791999817,0.0002839535300154239,0.0004668078036047518,0.0023287117946892977
saya gaada masalah sebenarnya sama shopee tapi penindakan untuk toko yang terbukti mengirim barang palsu itu kurang tegas kalau boleh usul untuk katalog produk dari toko yang terbukti dilaporkan barang palsu harusnya dihapus aja katalog nya dari pihak shopee dan bila toko melanggar dan terjadi penipuan lagi sebanyak lebih dari atau kali sesuai ketentuan mohon di banned aja langsung akunnya meresahkan banget berkali kali toko nya menipu di satu katalog produk refund kan makan waktu juga,produk,1.0,negative_2,0.9841672778129578,0.004162670113146305,0.9841672778129578,0.0004026785318274051,0.005901555065065622,0.005365822464227676
bisa gak kalau pasang iklan itu sewajarnya aja di beberapa aplikasi lain gak pencet apa apa tiba tiba beralih ke shopee mengganggu sayang banget aplikasi nya bagus tapi pasang iklan berlebihan sampai menggangu penggunaan aplikasi lain,produk,0.3333333333333333,negative_2,0.9852319955825806,0.011721826158463955,0.9852319955825806,0.0002602018357720226,0.00045371934538707137,0.0023322640918195248
shopeee pengiriman paling lemot kurir gak jelas paket lama banget sampek pengiriman stuck tidak bergerak sama sekali ga ada nomer kurir yg bisa dihubung i juga bner barang murah tapi pengiriman lama banget sangat kecewa banget,pengiriman,0.5714285714285714,positive,0.9925299286842346,0.0003011632652487606,0.0035630317870527506,0.002588235540315509,0.9925299286842346,0.00101765978615731
jujur gatau kenapa ya entah di hp ku doang atau yang lain juga mengalami akun shoppe ni gampang kali keluar syukur kalo ga lupa sandi laahhh kalo lupa gimn coba berat bgt juga aplikasi nya trus plishh shopee di bagian kurir tuh di kasih keterangan yang anter dan nomor nya kaya di aplikasi sebelah itu nahh kan jadi enak kalo semisal barang ga di antar antar jadi kita bisa konfirmasi ke kurir nya langsung tolong di pertimbangkan ya saran aku terimakasih,pengiriman,0.5,negative_2,0.9368489980697632,0.057954780757427216,0.9368489980697632,0.000506766838952899,0.0008661230676807463,0.0038232621736824512
x dapet masalah pengembalian barang dan uang penangannya buruk padahal sudah prioritas tapi tetap saja lambat tanpa kepastian hanya di suruh nunggu xjam xjam xjam begitu aja terus sangat amat mengecewakan,produk,1.0,positive,0.9944689273834229,0.0003468212962616235,0.0018355360953137279,0.0014934348873794079,0.9944689273834229,0.0018552865367382765
izin kasih saran bagian ulasan produk ketika kasih penilaian beserta foto video produk mohon bisa tersimpan otomatis apabila terjadi aplikasi tidak sengaja keluar atau hp tiba tiba restart sendiri agar tidak mengisi kembali deskripsi penilaian foto video produk jika harus mengisi kembali deskripsi penilaian video foto produk rasanya jadi malas yang akhirnya berujung gk kasih penilaian padahal itu juga dibutuhkan sama pihak penjualnya agar dana bisa dicairkan oleh pihak shopee terimakasi,produk,0.5,negative_2,0.9581127762794495,0.03768385574221611,0.9581127762794495,0.00050503941019997,0.0006859247223474085,0.0030123135074973106
aplikasi nya bagus dan sangat membantu untuk ibu rumah tangga yg malas keluar tpi tolong kurir nya ad yg curang paket sy yg dapat dgn harga murah malah di ambil sendiri dan di terima sendirii sedangkan semua org pasti selalu menunggu paket datang tpi kebanyakan datangnya terlambat,pengiriman,0.42857142857142855,negative_1,0.9930769205093384,0.9930769205093384,0.0058538224548101425,0.0001269045751541853,0.00012683634122367948,0.0008154886891134083
alhamdulillah dishopee kalau beli barang tidak sesuai bisa langsung pengajuan kembalian tanpa ribet asal kalo mau buka paket harus video dulu jangan pencet pesanan selesai dulu terima barang video kalo ok baru pesanan selesai kalo gak ok bisa ajukan pengembalian happy shopping tapi kalo nabung emas dishopee gak worth it banget deh px tabungan emas ribuan gak bisa dijual apa coba maksudx kebanyakan mah kalau mau dipotong,produk,0.5,negative_1,0.9802172183990479,0.9802172183990479,0.01400851458311081,0.00062419509049505,0.0002376147749600932,0.004912445321679115
kalau aplikasinya sangat bagus tapi tolong di perbaiki sistem nya terutama di pengiriman kenapa ada beberapa pesanan saya selalu terlambat kemudian barang tersebut batalkan oleh kurirnya kenapa bisa begitu padah barangnya belum saya terima tiba di batalkan,pengiriman,0.5,negative_1,0.981491208076477,0.981491208076477,0.01737448200583458,0.0001069814243237488,0.00020733036217279732,0.000820058339741081
maaf nih pengalamn saya selama belanja dishopee sulit ketika mau pergi kemana mana tiba paket sedang diantar sedangkan nomor kurier tidak ada dan juga tidak perna konfirmasi kepada pelanggan kapan akan sampai ke tujuan jadi menurut saya kurang pas apa lagi kurier marah marah gak jelas dengan alasan sudah antar paket orgnya tidak ada tolong lah di perbaiki lagi nomor kontak kurier shopee saat diantar ada di konfirmasi pengirimianbyg di tuju,pengiriman,1.0,positive,0.6632555723190308,0.149876669049263,0.17306236922740936,0.005256755277514458,0.6632555723190308,0.008548584766685963
saran saya sebaiknya dari pihak shopee untuk lebih selektif lagi menyeksi para pedagang yang mempromosikan produk nya dengan mengklaim produk original tapi ketika dibeli produk yang nyampai imitasi atau gak sesuai dengan iklan yang di pajang di aplikasi shopee mohon sekiranya lebih di perketat tau bila perlu di kasih sangsi untuk pedang yang nakal tau curang agar tidak merugikan konsumen seperti contoh nya saya yg mau beli suku cadang motor berharap untu membeli produk yg ori e zong,produk,0.6,negative_1,0.9932778477668762,0.9932778477668762,0.002325013978406787,0.0008171083754859865,0.0003407783806324005,0.0032391687855124474
dear developer cuma ngasih tau aja ketika saya dapat ongkir gratis semua toko menonaktifkan fitur cod nya sedangkan saya tidak punya rekening dan mau nanya apakah toko sendiri yg menonaktifkan atau dari shopee nya karena pesanan membludak oya saya tidak pernah menolak paket cod ya sebelumnya itu aja makasiih hehe,harga,0.3333333333333333,negative_1,0.9962064027786255,0.9962064027786255,0.002157792681828141,0.0003815674572251737,0.00013278868573252112,0.0011214356636628509
sebetulnya saya gak pernah ada masalah sama pemesanan toko tapi tidak dengan jasa kirim mereka pelayanan masih jauh di bawah standard salah pengiriman resi di tempel betumpuk tumpuk di gagal kirimkan tanpa alasan yang betul dan bahkan dari pihak kurir tidak coba menghubungi saya terlebih dahulu sering pengantaran dilakukan di atas jam malam abis itu gagal kirim lagi giliran lapor ke cs mereka selalu gak bisa kasih estimasi pola selalu seperti itu dan gak ada perbaikan,pengiriman,0.8333333333333334,positive,0.9885751605033875,0.0006703303079120815,0.0016453734133392572,0.001796862343326211,0.9885751605033875,0.007312317378818989
aplikasinya bagus tapi iklannya di app lain yang membuka aplikasi shopee secara otomatis amat sangat annoying menganggu jika saya memang mau menggunakan shopee akan saya buka sendiri saran saya iklan lebih baik menampilkan product laris dari shopee agar yg melihatnya tertarik berbelanja bukan seperti sekarang yg terlalu memaksa buka app tanpa saran product apapun dan jadinya malah benganggu terima kasih,sistem aplikasi,0.6666666666666666,negative_2,0.9853900671005249,0.006591896992176771,0.9853900671005249,0.0002830183657351881,0.0010167689761146903,0.006718228571116924
payah spinjam shopee sudah di lunasi angsuran dan selama ini angsuran tidak pernah terlambat dalam pembayaran setelah di lunasi cicilan kurang kali saat limit mau di cairkan malah akun di bekukan sangat mengecewakan konsumen tapi utk yang lain nya bagus hanya spinjam yg payah tanpa ada penjelasan langsung main bekukan akun padahal riwayat pembayaran bagus tdk pernah terlambat,pengiriman,0.5,positive,0.9881932139396667,0.0015281974337995052,0.0016974968602880836,0.0015289292205125093,0.9881932139396667,0.007052188739180565
jangan coba transfer atau bayar qris lewat saldo shopeepay bisa terjadi saldo berkurang namun tidak sampai gunakan shopee untuk belanja saja kalaupun shopeepay nya di isi itu untuk belanja barang bukan untuk bayar qris transfer,produk,0.3333333333333333,negative_2,0.9826956987380981,0.014298839494585991,0.9826956987380981,0.0003190112765878439,0.00031972641590982676,0.002366739558055997
shopee sangatt bagus dan berbeda buat pesan pesan keperluan sehari atau aksesoris dll semuanya ad di shopee dan terjaminn jika pesanan yg dikirm salah bsah juga di kembalikan yg penting surat dan pengajuan sesuai dan proses pegambalian dananya juga cepat pokonya baguss deh,produk,0.6666666666666666,negative_1,0.9989103078842163,0.9989103078842163,0.0004810660029761493,0.00010463179205544293,8.23623631731607e-05,0.0004215648223180324
bagus sangat membantu sekali dalam berbelanja lebih murah gratis ongkir tanpa minimal belanja di mudah kan dengan ada nya voucher dan spaylater semoga sukses selalu buat shopee cuma kadang di ekspedisi nya aja sering telat,harga,0.6666666666666666,negative_1,0.9989331364631653,0.9989331364631653,0.0005491091287694871,0.00010638739331625402,7.259814447024837e-05,0.00033873843494802713
kenapa shopee sekarang sangat lama pengirimannya ada pilihan untuk pengiriman nya tapi sangat mahal tolong dong di perbaiki mksh semenjak di pegang sama spx pengiriman nya sangat lama tlng dong di perbaiki klau bisa seperti dulu cepat untuk pengiriman nya,pengiriman,0.75,negative_1,0.3874451518058777,0.3874451518058777,0.2865787446498871,0.01021186076104641,0.31053537130355835,0.005228973459452391
minimal pembatalan gak x doang gausa minta persetujuan penjual kalau minta persetujuan penjual dulu ya jelas di tolak lah mereka mau jualannya laku trus kalau di tolak penjual otomatis pembeli melakukan pembatalan retur lewat kurir kasihan kurirnya jadi mending pembatalan bisa dilakukan secara instan kasian yang berubah pikiran ga sengaja checkout,pengiriman,0.5,negative_2,0.9894027709960938,0.007424233015626669,0.9894027709960938,0.00028110455605201423,0.00043160797213204205,0.002460383577272296
kureng banget sih izin beli barang kali salah padahal expektasi udah melebihi rata terus pengembalian barang nya jauh bet ampe beda kab yang terdekat hadeh mending di ijo atao di yang itu tuh lebih works sekarang ada lagi masalahnya kurir pakai bukti paslu pas nganter padahal enggak ada di hubungi apa ama kurirnya pas di cek di apk malah pembeli tidak ada di tempat apalah padahal kurir gak ada cht atau tlp,produk,0.5,negative_2,0.9914941787719727,0.004778716713190079,0.9914941787719727,0.0002480275579728186,0.0010547995334491134,0.0024243539664894342
kenapa ya beberapa hari terakhir ini shopee ku tidak ada gambar barang yang dicari hanya ada keterangan barang dan harga saja tolong dong pihak shopee padahal aku sudah update aplikasinya tetap sama juga ga muncul gambar barangnya,harga,0.3333333333333333,negative_1,0.502517819404602,0.502517819404602,0.4919207692146301,0.0020259753800928593,0.0006752578192390501,0.0028601542580872774
belanja online di shope emang the best tetapi masi ada yang harus di perbaiki tentang video video penjual terkadang barang barang tidak sesuai dengan di video kalau bisa mereka jualan harus sesuai video nya jadi kita pesan barang tidak kecewa terima kasih,produk,1.0,negative_1,0.9875455498695374,0.9875455498695374,0.0015694968169555068,0.009412599727511406,0.00035046637640334666,0.0011219180887565017
tolong kalau sedang chat jangan tiba tiba muncul iklan cape cape panjang ngetik panjang lebar ketika mau di kirim tiba tiba jadi pencarian iphone yang saya sendiri tidak mencari barang tsb atau menyentuh logo search kau tahu saya harus ngetik lagi awal buang waktu suck apps,produk,0.3333333333333333,negative_2,0.9816458821296692,0.012902124784886837,0.9816458821296692,0.0002843941911123693,0.00102176982909441,0.004145970102399588
saya terkena penipuan melalui chat di akun shopee sy limit spl terpotong dan sudah lapor tp tidak bisa dikembalikan herannya ada toko dgn nama security shopee bisa lolos verifikasi dan bisa chat di akun sy pdahal sy tidak pernah beli di toko itu keamanan shopee sangat buruk shopee lebih suka pelanggan merugi dan tidak memberi kompensasi sy sangat kecewa buat yang lain bisa lebih hati supaya tidak tertipu,produk,1.0,positive,0.9948365688323975,0.00030033467919565737,0.0014891100581735373,0.0016124777030199766,0.9948365688323975,0.0017614249372854829
apk ny sudah bagus tetapi untuk pengirimannya sangat sangat buruk pesanan tidak tiba tepat waktu sesuai estimasi yang di berikan sistem dan juga pesanan yang tiba tiba di batalkan oleh kurir pdahal pesanan nya tidak pernah di antar ke alamat konsumen,pengiriman,0.6666666666666666,negative_2,0.47762587666511536,0.09651882946491241,0.47762587666511536,0.12441828846931458,0.29570215940475464,0.005734946578741074
saya sudah install dan menggunakanya kali aplikasi bagus bebas iklan yg mengganggu cuma pada hp samsung j pro sangat lemot dan banyak makan batere jadi saya akali setelah transaksi saya uninstall begitu seterusnya pada keseluruhan aplikasi ini bagus cuka hp saya yang kurang suport,sistem aplikasi,0.75,negative_1,0.9920834302902222,0.9920834302902222,0.005342293996363878,0.0008417610079050064,0.001131449593231082,0.0006010427023284137
shopee xpress punya kalian ga kompeten setiap ada paket mahal dikit saja prosesnya lama sekali selalu melebihi estimasi dan sering ga ada pergerakan dalam waktu jam mending ga usah ngide ngebuat ekspedisi sendiri saya di app lain saja ga pernah punya kendala ini dalam bertahun tahun belanja online menyesal sudah percaya belanja di shopee,pengiriman,0.6,positive,0.9938032627105713,0.00015688338316977024,0.0017849969444796443,0.0017096117371693254,0.9938032627105713,0.0025452133268117905
pesen barang jumlahnya gak sesuai trs ada beberpa yg barangnya udh gak berfungsi susah juga blnja waktu pengembalian barang juga susah skrg juga kalo kirim barang kurirnya gak pernah kasih kabar tiba lsg bawa barang balik padahal bisa main game tapi untuk wa kasih kabar gak bisa,produk,0.5,negative_2,0.986283004283905,0.012134507298469543,0.986283004283905,0.000234030609135516,0.00033447955502197146,0.0010141154052689672
ko setelah update fitur catatan untuk penjual ko gak ada si biasanya pas cek out ada catatan untuk penjualnya jadi kita bisa request apa dicatatan ini malah enggak ada kacau shopee tolong diperbaiki lagi dihadirkan lg fitur catatannya,tidak terdeteksi,0.0,negative_2,0.9799878597259521,0.01720806583762169,0.9799878597259521,0.0002660506288520992,0.0003180048370268196,0.0022200581151992083
kemaren sempet komplain masalah voucer gratis biaya ongkir digunakan di transaksi dalam satu provinsi estemasi sampai hari yg biasanya bisa hari sampai komplain melalui instagram respon cepet dan ditangani dengan baik akhirnya barang sampai hari thanks shopee tambah baik lagi pelayanannya jangan nunggu di komplain dulu sukses terus senang bertransaksi melalui shopee,harga,0.4,negative_1,0.9977952241897583,0.9977952241897583,0.0014389661373570561,0.00017078476957976818,9.87127423286438e-05,0.0004961872473359108
saya costumer dari tahun dan aktif belanja sampai mendapatkan platinum akun sekarang saya kecewa dengan kebijakan shopee dengan adanya biaya subtotal khusus ukuran untuk barang besar dan berat saya merasa ongkos kirim yang tertera rupiah hanyalah penarik minat saja pas dilihat di total akhir lebih mahal karena biaya khusus bisa sampai ribu rasanya ingin beralih ke apk sebelah jadi malas belanja di shopee maaf sebelumnya hanya keluhan,harga,0.4,positive,0.9929749965667725,0.00018842901044990867,0.0027212314307689667,0.002193538472056389,0.9929749965667725,0.0019217946100980043
bintang tetap tapi saya ada keluhan aplikasi saya kok tampilannya nda bagus ya saya juga pengguna setia shopee tapi akhir ini tampilan aplikasi saya nda seperti biasa ikon saling tumpang tindih harga saat memesan barang tidak kelihatan jadi saya tidak bisa melihat berapa harga barang yg saya mau beli resi juga tidak kelihatan padahal saya sudah update lo ke yg terbaru tolong sarannya supaya tampilan shopee saya normal kembali,produk,0.4,negative_1,0.9900598526000977,0.9900598526000977,0.0085147675126791,0.0003315919602755457,0.00021373362687882036,0.0008799947681836784
saya pengguna shopee vip merasa sangat rugi kecewa berat karna ada pembelian dari toko dgn banyak item ternyata produk yang dikirim busuk tidak fresh stok lama tidak bisa dikonsumsi saya klik pengembalian pengajuan barang dana tapi malah ditolak sepihak pdhl saya siap mengembalikan produknya tidak kepake juga karna busuk dan jelek asal ongkir ditanggung penjual kolom upload foto hanya terlalu sedikit tidak ada solusi malah seenaknya ditolak pengajuan saya dasar shopee jelek buruk,produk,0.5714285714285714,positive,0.9943071007728577,0.00024213272263295949,0.0015031934017315507,0.0022632102482020855,0.9943071007728577,0.0016842883778735995
untuk belanja ok banyak promo dan harga terjangkau tetapi untuk simpan uang sebaiknya jangan saya pengguna shopeepay tiba tiba akun terblokir tanpa ada pemberitahuan uang gak bisa diambil saat menghubungi cs jawabannya tidak membantu sudah mengikuti petunjuk tapi tidak membantu email gak dibalas wa gak bisa via telepon gak bisa sampai skrg belum ada kejelasan tentang akun dan uang saya di shopeepay saran saya jangan pernah simpan uang di shopeepay,harga,0.6666666666666666,negative_2,0.9891720414161682,0.008703505620360374,0.9891720414161682,0.00028387384372763336,0.00045967064215801656,0.0013809577794745564
saya kasih bintang karna ga bisa cod ke papua dan juga ongkirnya mahal sekali lebih mahal dari harga barang yang kita pesan berasa kaya beli ongkir dan dapat barang yang kita mau lagi kalo misal kita beli barang di toko yang sama tolong harga barangnya yang di hitung jangan ongkirnya juga ikut nambah padahal suka sekali sama produk produk yang di jual tapi ga bisa kebeli karna mahal ongkirnya minta ampun pengen nangis dah sumpah tolong dong pihak shopee kami di papua sangat kesulitan,harga,0.5,positive,0.9816482067108154,0.0018394996877759695,0.011447853408753872,0.003443092340603471,0.9816482067108154,0.0016213158378377557
shopee sudah sangat bagus tapi bisa ga sih kurirnya kalau ngantar itu fotonya foto orang yang nerima paketnya soalnya lokasi saya itu dikantor yang ga ada satpam jadi random yang terima statusnya udah diterima saya ga tau yang terima itu siapa saya liat foto konfirmasi pengiriman malah cuma foto resi,pengiriman,0.8333333333333334,negative_1,0.9984651803970337,0.9984651803970337,0.0007632770575582981,0.00011255631397943944,8.452716429019347e-05,0.0005743745714426041
pengiriman ke kalimantan sangat lama hari lebih belum sampai hebat voucher kompensasi keterlambatan juga tidak berguna karena ada syarat minumun belanja ini gada bedanya dengan voucher biasa dan itu pun hanya rb sudah pengiriman lama terus kalo kurir salah kirim amat harus nunggu pengembalian dana hari lebih mantap lah,pengiriman,0.8571428571428571,positive,0.9904611706733704,0.0009141177288256586,0.004488993901759386,0.0011369470739737153,0.9904611706733704,0.002998746233060956
